<?xml version="1.0" encoding="UTF-8"?>
<!DOCTYPE suite SYSTEM "http://testng.org/testng-1.0.dtd">

<suite name="Suite">
	<test thread-count="5" name="Test">
		<classes>
			<class name="studentAPItests.TC1_POST_CreateNewRecord" />
			<class name="studentAPItests.TC2_GET_VerifyRecordAfterPOST" />
			<class name="studentAPItests.TC3_PUT_UpdateRecord" />
			<class name="studentAPItests.TC4_GET_VerifyRecordAfterPUT" />
			<class name="studentAPItests.TC5_DELETE_DeleteRecord" />
			<class name="studentAPItests.TC6_GET_VerifyRecordAfterDELETE" />

		</classes>
	</test> <!-- Test -->
</suite> <!-- Suite -->
